id,predecessor_id,successor_id
1,2223,2713
2,1540,1698
3,2223,2339
4,2223,2641
5,211,1225
6,1540,1786
7,211,813
8,211,345
9,211,479
10,211,1409
11,1540,1624
12,2223,2376
13,2223,2949
14,2223,2328
15,211,441
16,211,1098
17,1540,1966
18,2223,3130
19,211,935
20,211,317
21,1540,1842
22,2223,3058
23,211,690
24,1540,1570
25,211,1032
26,211,515
27,1540,1719
28,2223,2572
29,2223,2302
30,1540,1606
31,211,861
32,211,240
33,211,1316
34,211,212
35,211,302
36,1540,2100
37,1540,1675
38,2223,2512
39,1,2
40,211,265
41,211,399
42,2223,2224
43,1540,2034
44,1540,1880
45,211,374
46,1540,1541
47,211,606
48,1540,1761
49,1540,1649
50,2223,2273
51,211,743
52,2223,2317
53,2223,2448
54,3058,3096
55,3130,3159
56,1409,1500
57,1966,2008
58,2100,2194
59,3058,3119
60,1409,1430
61,3130,3206
62,1316,1377
63,1316,1317
64,1032,1033
65,3058,3059
66,2512,2534
67,2034,2035
68,2641,2692
69,3058,3111
70,3130,3214
71,3058,3106
72,3130,3186
73,2339,2340
74,1966,2022
75,399,422
76,2713,2765
77,2034,2070
78,1966,1967
79,2448,2494
80,1098,1212
81,1225,1296
82,861,918
83,861,903
84,1032,1059
85,2376,2377
86,1098,1099
87,690,718
88,2034,2089
89,441,442
90,2713,2895
91,2100,2150
92,1409,1476
93,1316,1394
94,1032,1043
95,606,669
96,2641,2658
97,2641,2642
98,935,936
99,2949,3016
100,3130,3144
101,1786,1812
102,2376,2403
103,935,983
104,2512,2555
105,1842,1866
106,1880,1939
107,441,461
108,1409,1466
109,2572,2635
110,2448,2468
111,2641,2704
112,479,507
113,2100,2205
114,1966,1998
115,935,967
116,2448,2451
117,606,607
118,2949,3051
119,813,814
120,1098,1169
121,1880,1912
122,743,744
123,2339,2359
124,2572,2573
125,1786,1787
126,3058,3073
127,2949,3006
128,861,862
129,1032,1071
130,690,738
131,1786,1834
132,2512,2513
133,690,707
134,2949,2989
135,813,825
136,399,400
137,743,799
138,2713,2870
139,1842,1843
140,1966,1981
141,1225,1226
142,935,948
143,515,516
144,606,644
145,2572,2603
146,813,848
147,3130,3131
148,1409,1523
149,1316,1330
150,479,480
151,1225,1278
152,1316,1362
153,2100,2101
154,1409,1443
155,1880,1881
156,1225,1246
157,743,765
158,1409,1410
159,2713,2808
160,2034,2055
161,2100,2166
162,515,576
163,1225,1306
164,2100,2137
165,1098,1217
166,2100,2121
167,1032,1091
168,1409,1489
169,690,691
170,3130,3174
171,1225,1264
172,479,491
173,1098,1137
174,515,542
175,1316,1348
176,2034,2083
177,861,891
178,1098,1201
179,2034,2094
180,3058,3082
181,1842,1853
182,1098,1184
183,2949,2950
184,743,775
185,861,926
186,1409,1533
187,2949,3037
188,2572,2619
189,935,1005
190,813,836
191,2,160
192,2224,2241
193,212,231
194,1570,1590
195,2,132
196,2224,2229
197,1649,1652
198,1675,1683
199,2,44
200,1719,1740
201,1761,1768
202,1624,1629
203,2,201
204,2713,2727
205,1649,1650
206,302,314
207,2713,2715
208,374,378
209,2,113
210,1541,1555
211,317,342
212,374,387
213,2317,2318
214,2273,2297
215,317,330
216,2224,2240
217,1698,1708
218,1649,1663
219,1570,1573
220,2,186
221,2317,2326
222,1606,1612
223,2713,2754
224,2,80
225,2,1060
226,2273,2282
227,2713,2726
228,2,184
229,1570,1581
230,265,276
231,374,398
232,240,248
233,1624,1648
234,317,341
235,1761,1783
236,2273,2280
237,2,169
238,212,230
239,2302,2308
240,2,141
241,2713,2737
242,1570,1592
243,345,359
244,265,287
245,2,69
246,2,53
247,1719,1749
248,2224,2264
249,374,381
250,317,324
251,1624,1631
252,1761,1766
253,1698,1702
254,2,3084
255,2,168
256,212,229
257,2302,2303
258,2,152
259,2224,2249
260,1409,1463
261,2,16
262,1675,1691
263,265,298
264,1698,1710
265,240,249
266,2,64
267,1719,1760
268,265,286
269,2224,2259
270,265,270
271,2,52
272,2,36
273,1719,1732
274,2224,2247
275,2,209
276,1649,1670
277,212,214
278,302,306
279,2713,2761
280,2,2943
281,2,105
282,2224,2260
283,2273,2289
284,2,151
285,2,2767
286,2224,2232
287,1541,1561
288,1719,1759
289,265,269
290,2713,2746
291,1624,1632
292,1570,1591
293,2,72
294,2,35
295,2,204
296,1761,1767
297,345,368
298,2,192
299,2,176
300,1649,1653
301,1649,1669
302,2,1094
303,2,104
304,2,88
305,1624,1640
306,1761,1775
307,2273,2288
308,1698,1711
309,212,238
310,1606,1615
311,2713,2757
312,2,203
313,2713,2729
314,2,55
315,2,18
316,345,367
317,345,351
318,2,175
319,2,115
320,317,344
321,2,99
322,1541,1553
323,2273,2299
324,2,124
325,2,87
326,1541,1562
327,2,96
328,212,233
329,212,221
330,302,313
331,1409,1455
332,2,8
333,2713,2728
334,265,290
335,2224,2267
336,345,350
337,1570,1600
338,2302,2309
339,2,158
340,2224,2239
341,2,135
342,317,327
343,1761,1769
344,240,255
345,2,107
346,2,70
347,1541,1545
348,1719,1743
349,212,232
350,2,19
351,2,143
352,374,388
353,1675,1694
354,240,252
355,265,289
356,1719,1751
357,2224,2250
358,345,370
359,1649,1673
360,1570,1599
361,1570,1583
362,1649,1661
363,2,118
364,2713,2764
365,2,106
366,317,335
367,1541,1544
368,1719,1726
369,212,215
370,302,307
371,2,126
372,1675,1693
373,2,159
374,1675,1677
375,2224,2261
376,1606,1607
377,1698,1717
378,1649,1672
379,2,71
380,1570,1582
381,2,195
382,2,101
383,2,167
384,2713,2763
385,2713,2747
386,1409,1462
387,374,389
388,2273,2291
389,2273,2275
390,2,79
391,1675,1688
392,1675,1676
393,2,142
394,2328,2334
395,1624,1634
396,1570,1593
397,2713,2732
398,2,206
399,2,2822
400,1698,1700
401,265,288
402,2,54
403,2713,2720
404,1719,1750
405,2,178
406,1649,1655
407,2317,2323
408,1409,1461
409,240,259
410,2,90
411,1698,1713
412,265,296
413,2273,2274
414,2,62
415,265,273
416,1570,1574
417,2,39
418,1719,1735
419,374,390
420,1606,1617
421,302,316
422,2328,2333
423,2,189
424,2224,2270
425,345,353
426,2,37
427,1719,1733
428,2302,2312
429,2,25
430,1409,1456
431,2,9
432,2273,2285
433,240,258
434,2,110
435,2,73
436,1541,1564
437,374,380
438,2,98
439,212,235
440,2,22
441,2224,2233
442,302,315
443,1675,1697
444,345,364
445,2224,2269
446,2224,2253
447,345,373
448,1570,1602
449,2302,2311
450,265,297
451,2713,2719
452,345,361
453,374,391
454,240,241
455,2,93
456,1761,1780
457,1541,1547
458,317,334
459,1624,1641
460,2,81
461,2,2909
462,2,5
463,2,125
464,2,150
465,2713,2730
466,2224,2252
467,1570,1601
468,1624,1626
469,1570,1585
470,265,280
471,2,46
472,1719,1742
473,2,34
474,1409,1465
475,1541,1546
476,1761,1763
477,2713,2738
478,2273,2294
479,2273,2281
480,2,161
481,2,145
482,374,382
483,1606,1609
484,2,133
485,1570,1596
486,2,117
487,1761,1772
488,2224,2235
489,1698,1703
490,240,242
491,1570,1584
492,1719,1753
493,2,197
494,265,279
495,2224,2268
496,2,45
497,1719,1741
498,2,29
499,1719,1725
500,2448,2449
501,2713,2749
502,1409,1464
503,2,17
504,2273,2277
505,2713,2721
506,2,172
507,2,144
508,1675,1695
509,2224,2225
510,2328,2336
511,1698,1714
512,2,116
513,1541,1554
514,1409,1411
515,1719,1752
516,2,56
517,1719,1736
518,2713,2739
519,2,65
520,1719,1724
521,212,218
522,2,28
523,1649,1662
524,240,261
525,1675,1680
526,1624,1633
527,2224,2236
528,2,127
529,1541,1565
530,2317,2322
531,1606,1608
532,2273,2301
533,2,196
534,2713,2722
535,2,11
536,2224,2244
537,240,260
538,2,108
539,1541,1550
540,317,337
541,2713,2758
542,1624,1644
543,1606,1616
544,1761,1779
545,2273,2292
546,317,325
547,2,181
548,2317,2321
549,2328,2335
550,2273,2300
551,345,371
552,1570,1588
553,2,179
554,265,299
555,265,283
556,1570,1576
557,265,271
558,2,2875
559,240,243
560,1649,1671
561,317,336
562,1624,1643
563,317,320
564,2713,2741
565,1761,1778
566,1761,1762
567,2,63
568,2,164
569,2302,2315
570,212,225
571,374,397
572,212,213
573,2,136
574,302,305
575,1675,1687
576,2273,2283
577,1698,1706
578,2224,2271
579,265,282
580,2302,2313
581,2,48
582,1719,1744
583,2224,2243
584,2,20
585,1761,1773
586,1649,1654
587,317,319
588,212,224
589,2,147
590,2,119
591,1675,1686
592,265,293
593,1698,1705
594,240,244
595,1541,1557
596,1719,1755
597,265,281
598,2224,2254
599,1570,1603
600,2,47
601,2,31
602,1719,1727
603,2224,2242
604,2224,2226
605,1570,1575
606,2,188
607,1649,1665
608,240,264
609,2,3
610,2713,2756
611,2713,2740
612,2,100
613,2273,2284
614,2224,2227
615,1606,1611
616,317,343
617,1541,1556
618,1719,1738
619,1624,1627
620,1570,1586
621,2,199
622,2,30
623,2,51
624,2,14
625,1649,1664
626,345,363
627,2,187
628,2,171
629,2302,2310
630,1624,1647
631,1761,1782
632,317,328
633,1624,1635
634,1570,1594
635,2,83
636,2,207
637,1761,1770
638,1541,1567
639,2317,2324
640,1606,1610
641,317,326
642,302,309
643,2,198
644,2713,2724
645,2,182
646,345,362
647,2224,2263
648,345,346
649,2,170
650,2,154
651,2302,2305
652,2224,2251
653,317,339
654,2,94
655,1761,1781
656,1541,1548
657,265,300
658,240,251
659,2,82
660,2,66
661,2,91
662,212,228
663,2328,2337
664,212,216
665,302,308
666,1675,1690
667,345,357
668,1675,1678
669,265,285
670,2224,2262
671,2224,2246
672,1570,1595
673,2302,2304
674,2,153
675,2224,2234
676,240,262
677,1761,1764
678,240,250
679,2,102
680,2713,2748
681,212,227
682,2,1124
683,374,383
684,2317,2327
685,1675,1689
686,2,134
687,374,392
688,265,268
689,2224,2245
690,345,365
691,1719,1730
692,1649,1668
693,1570,1578
694,1649,1656
695,1761,1784
696,2713,2759
697,2,205
698,2713,2731
699,1541,1559
700,374,375
701,1570,1605
702,317,318
703,1698,1712
704,2224,2228
705,1649,1667
706,1570,1577
707,2,190
708,2,174
709,265,272
710,1649,1651
711,345,354
712,2,38
713,2,162
714,2713,2742
715,1409,1457
716,374,384
717,265,292
718,2273,2286
719,2713,2714
720,2,74
721,2,58
722,374,386
723,2448,2450
724,1606,1613
725,2,137
726,317,329
727,2328,2329
728,1698,1707
729,2,49
730,345,349
731,1719,1745
732,2,173
733,212,234
734,2,21
735,1675,1696
736,2,122
737,240,254
738,2,85
739,265,291
740,2,57
741,374,385
742,212,219
743,302,311
744,2,6
745,2224,2265
746,345,348
747,1719,1728
748,2,156
749,2302,2307
750,212,217
751,2224,2237
752,2,4
753,240,253
754,1675,1679
755,2,68
756,265,274
757,1541,1543
758,2713,2751
759,1624,1637
760,2,77
761,2,40
762,1649,1674
763,1624,1625
764,302,310
765,1675,1692
766,2,109
767,2224,2248
768,1698,1716
769,2273,2293
770,1570,1597
771,2302,2306
772,1698,1704
773,345,356
774,1649,1659
775,1606,1620
776,2713,2762
777,1719,1747
778,1541,1542
779,2713,2750
780,1624,1636
781,2713,2734
782,2,208
783,2,76
784,2,60
785,345,372
786,1761,1771
787,1649,1657
788,2,180
789,2,157
790,2,120
791,2317,2325
792,374,394
793,1541,1558
794,1606,1621
795,2,129
796,2,92
797,1698,1715
798,2224,2231
799,1698,1699
800,2273,2276
801,1570,1580
802,2,193
803,265,275
804,2,41
805,1719,1737
806,212,226
807,317,340
808,1606,1619
809,2713,2745
810,1409,1460
811,2,13
812,2713,2733
813,2224,2272
814,345,355
815,2,140
816,374,377
817,2273,2287
818,2,128
819,2,112
820,1541,1566
821,1719,1748
822,212,237
823,1719,475
824,2,24
825,1719,1720
826,2,148
827,1649,1658
828,1409,1459
829,2,12
830,240,257
831,265,294
832,2713,2716
833,240,245
834,1719,1756
835,1624,1645
836,1570,1604
837,1649,1666
838,2,139
839,2,2755
840,2,123
841,317,331
842,2328,2331
843,1698,1709
844,2,111
845,1541,1549
846,1719,1731
847,212,236
848,2224,2256
849,2,23
850,2,7
851,240,256
852,317,321
853,1624,1628
854,1570,1587
855,2,200
856,1541,1560
857,2273,2296
858,2,84
859,2,191
860,2713,2717
861,2,163
862,2302,2314
863,1675,1681
864,1409,1458
865,317,332
866,2713,2753
867,1624,1639
868,1570,1598
869,1761,1774
870,2,75
871,2,59
872,2713,2725
873,374,393
874,2328,2330
875,2,95
876,2273,2295
877,1698,1718
878,2,1050
879,2273,2279
880,265,278
881,1570,1579
882,1570,1571
883,2224,2255
884,265,266
885,1606,1622
886,2,146
887,1761,1785
888,2328,2338
889,1624,1638
890,2,210
891,2713,2736
892,1719,1754
893,2,42
894,212,220
895,302,312
896,2273,2290
897,2,131
898,317,323
899,240,263
900,1675,1682
901,1698,1701
902,374,376
903,2,103
904,2224,2266
905,265,277
906,1541,1569
907,2273,2278
908,2,43
909,1719,1739
910,2,27
911,1719,1723
912,2224,2238
913,2,15
914,2713,2752
915,2302,2316
916,345,366
917,374,396
918,2,114
919,1606,1623
920,1541,1568
921,1541,1552
922,2713,2760
923,1624,1646
924,2,86
925,1719,1734
926,212,239
927,2,26
928,1719,1722
929,2,10
930,1649,1660
931,2,183
932,2,1618
933,345,347
934,2,155
935,2713,2735
936,2224,2257
937,265,301
938,2713,2723
939,2,67
940,1541,1563
941,374,395
942,2,97
943,2317,2320
944,1541,1551
945,317,338
946,317,322
947,2713,2743
948,212,222
949,2,194
950,345,358
951,2,166
952,1675,1684
953,1606,1614
954,1624,1642
955,2,138
956,1761,1777
957,2713,2718
958,345,360
959,1624,1630
960,1570,1589
961,1719,1758
962,240,247
963,2,78
964,2,202
965,265,284
966,1761,1765
967,2,50
968,1719,1746
969,317,333
970,2317,2319
971,302,304
972,2273,2298
973,345,369
974,2,177
975,2224,2258
976,2,165
977,1719,1721
978,2,149
979,2224,2230
980,2,89
981,2,1051
982,2,121
983,1761,1776
984,265,295
985,240,246
986,2,61
987,1719,1757
988,1570,1572
989,2,185
990,2713,2744
991,265,267
992,2,33
993,1719,1729
994,212,223
995,2328,2332
996,374,379
997,302,303
998,1675,1685
999,2,130
1000,345,352
1001,3016,3029
1002,918,920
1003,1834,1791
1004,576,587
1005,2468,2491
1006,1912,1922
1007,891,901
1008,1853,1862
1009,2895,2933
1010,2022,2032
1011,3119,3126
1012,2403,2438
1013,2765,2780
1014,3144,3147
1015,3073,3075
1016,2603,2607
1017,862,882
1018,2765,2800
1019,3096,3099
1020,461,465
1021,1410,1418
1022,1533,1538
1023,2642,2645
1024,2555,2559
1025,765,767
1026,1005,1030
1027,1500,1519
1028,2895,2916
1029,1348,1318
1030,3111,3113
1031,1362,1370
1032,1489,1429
1033,1246,1248
1034,2403,2421
1035,3131,3143
1036,967,975
1037,1184,1192
1038,2513,2531
1039,2166,2183
1040,1377,1384
1041,2989,2323
1042,2989,2997
1043,891,867
1044,799,745
1045,1005,1013
1046,2150,2154
1047,983,986
1048,2513,2516
1049,442,446
1050,1939,1957
1051,3016,3021
1052,1226,1229
1053,576,579
1054,1998,1547
1055,2603,2616
1056,2555,2569
1057,2121,2135
1058,607,619
1059,2070,2072
1060,1410,1427
1061,480,484
1062,2022,2024
1063,3006,3012
1064,1264,1267
1065,2765,2772
1066,2642,2652
1067,2658,2687
1068,3159,3133
1069,2101,2112
1070,2166,2192
1071,507,508
1072,2150,2164
1073,1843,1845
1074,2359,2363
1075,1430,1440
1076,1005,1022
1077,1812,1788
1078,2658,2670
1079,1998,2004
1080,836,816
1081,2555,2514
1082,2166,2175
1083,1489,1419
1084,1812,1829
1085,1533,1537
1086,400,406
1087,3131,2544
1088,1853,1864
1089,1278,1287
1090,1787,1807
1091,2950,2958
1092,2895,2915
1093,2089,2091
1094,2403,2440
1095,948,964
1096,3051,3052
1097,491,504
1098,3186,3205
1099,2989,2952
1100,1071,1082
1101,1246,1251
1102,1981,1982
1103,3206,3211
1104,2808,2856
1105,1500,1521
1106,936,937
1107,1212,1213
1108,2359,2372
1109,2403,2423
1110,2137,2139
1111,2808,2841
1112,691,700
1113,576,598
1114,2950,2982
1115,2534,2539
1116,1099,1113
1117,1296,1299
1118,607,618
1119,1476,1483
1120,2150,2156
1121,707,712
1122,2573,2577
1123,442,448
1124,607,638
1125,948,951
1126,1278,1294
1127,2808,2824
1128,2895,2942
1129,1296,1282
1130,2692,2699
1131,1201,1210
1132,480,486
1133,2895,2907
1134,891,893
1135,2055,2064
1136,1212,1100
1137,1853,1854
1138,1059,1064
1139,2008,2017
1140,1881,1902
1141,1169,1174
1142,3059,3060
1143,3016,2951
1144,1843,1847
1145,744,756
1146,1430,1442
1147,1853,1863
1148,2895,2934
1149,2808,2848
1150,1005,1024
1151,576,605
1152,1866,1871
1153,926,934
1154,2035,2041
1155,3131,3137
1156,2150,2163
1157,2513,2525
1158,1881,1885
1159,1939,1946
1160,2166,2177
1161,1812,1831
1162,2808,2811
1163,442,455
1164,1099,1105
1165,2359,2369
1166,848,850
1167,1430,1425
1168,2403,2378
1169,1500,1520
1170,2895,2917
1171,2403,2422
1172,1099,1103
1173,2137,2138
1174,2377,2401
1175,1812,1814
1176,2950,2957
1177,3037,3043
1178,1043,1045
1179,1264,1276
1180,2808,2858
1181,1500,1503
1182,1201,1202
1183,2008,1968
1184,799,809
1185,2035,2050
1186,2950,2984
1187,1005,1031
1188,2534,2541
1189,2008,2009
1190,3006,2951
1191,542,561
1192,1476,1485
1193,967,976
1194,1348,1350
1195,2573,2579
1196,2658,2679
1197,1489,1493
1198,1430,1434
1199,2895,2926
1200,948,953
1201,1523,1530
1202,2166,2184
1203,576,519
1204,2573,2599
1205,2494,2509
1206,2055,2063
1207,2950,2967
1208,3006,3010
1209,1005,1014
1210,903,909
1211,2808,2867
1212,2658,2662
1213,2870,2888
1214,903,865
1215,1500,1512
1216,1443,1449
1217,2619,2633
1218,2166,2167
1219,644,655
1220,1246,1260
1221,967,968
1222,2808,2865
1223,1853,1856
1224,1059,1066
1225,1278,1279
1226,3096,3097
1227,983,938
1228,1217,1223
1229,3059,3062
1230,516,529
1231,1264,1268
1232,2808,2850
1233,422,431
1234,3082,3086
1235,1866,1873
1236,2870,2871
1237,2035,2043
1238,1099,1122
1239,799,801
1240,2194,2198
1241,607,627
1242,2150,2165
1243,1348,1357
1244,775,798
1245,2989,2953
1246,1430,1441
1247,2808,2813
1248,814,815
1249,644,647
1250,1812,1789
1251,3186,3203
1252,1137,1160
1253,1500,1522
1254,607,612
1255,691,692
1256,644,665
1257,2035,2047
1258,3144,3154
1259,918,868
1260,607,610
1261,1169,1100
1262,1137,1145
1263,775,781
1264,2377,2400
1265,2089,2092
1266,2603,2611
1267,1410,1425
1268,1466,1468
1269,2083,2036
1270,2555,2566
1271,3051,3053
1272,814,819
1273,2704,2705
1274,1881,1911
1275,2950,2228
1276,2635,2575
1277,1523,1529
1278,2619,2625
1279,1099,1131
1280,1317,1324
1281,400,414
1282,3106,3061
1283,422,438
1284,2055,2038
1285,2008,2011
1286,2377,2383
1287,926,867
1288,461,476
1289,1912,1916
1290,2950,2951
1291,2468,2470
1292,1099,1114
1293,2494,2511
1294,744,748
1295,2055,2065
1296,1834,1788
1297,1005,1016
1298,707,713
1299,718,727
1300,3106,3108
1301,1939,1940
1302,2765,2794
1303,1043,1034
1304,903,867
1305,1939,1960
1306,1443,1451
1307,1137,1152
1308,2022,2031
1309,1246,1262
1310,3119,3125
1311,2765,2779
1312,2619,2632
1313,3144,3146
1314,400,421
1315,2205,2207
1316,461,444
1317,1201,1211
1318,2022,2029
1319,3016,3032
1320,2101,2116
1321,1881,1883
1322,1410,1417
1323,2359,2370
1324,1246,1227
1325,3082,3088
1326,918,922
1327,2534,2550
1328,799,803
1329,1881,1903
1330,1533,1535
1331,3096,3061
1332,1348,1359
1333,1843,1848
1334,3214,3224
1335,2658,2688
1336,2573,2588
1337,2895,2935
1338,644,649
1339,2603,2610
1340,2468,2477
1341,1184,1189
1342,1137,1162
1343,2121,2129
1344,3159,3164
1345,2895,2898
1346,1476,1477
1347,775,783
1348,2055,2057
1349,1071,1089
1350,2895,2918
1351,3073,3061
1352,2451,2457
1353,3186,3188
1354,862,868
1355,3051,3055
1356,1033,1034
1357,1981,1989
1358,848,816
1359,2765,2786
1360,2704,2707
1361,1787,1797
1362,1489,1494
1363,542,559
1364,2808,2839
1365,1071,1074
1366,948,954
1367,936,941
1368,1787,1794
1369,3059,3071
1370,1099,1133
1371,2008,1700
1372,1317,1326
1373,516,538
1374,1967,1978
1375,926,927
1376,1246,1254
1377,2808,2859
1378,422,440
1379,2642,2651
1380,2870,2880
1381,1071,1072
1382,765,773
1383,2573,2597
1384,1500,1504
1385,799,810
1386,1169,1170
1387,461,478
1388,2765,2769
1389,1330,1343
1390,983,995
1391,825,816
1392,491,500
1393,948,937
1394,644,656
1395,1099,1116
1396,516,521
1397,744,750
1398,1394,1402
1399,422,423
1400,1476,1486
1401,1348,1351
1402,718,729
1403,2573,2580
1404,775,792
1405,1981,520
1406,1264,1269
1407,1137,1154
1408,1226,1235
1409,2451,2464
1410,891,900
1411,1981,1996
1412,2194,2196
1413,903,910
1414,1377,1380
1415,1071,1081
1416,948,961
1417,3051,2951
1418,1306,1308
1419,1812,1790
1420,1246,1261
1421,3206,3210
1422,967,969
1423,691,693
1424,1059,1067
1425,2008,2020
1426,1881,1905
1427,3174,3133
1428,1169,1177
1429,1317,1318
1430,744,759
1431,1912,1925
1432,983,1002
1433,2513,2532
1434,3016,3017
1435,422,432
1436,2950,2960
1437,2603,2612
1438,2468,2479
1439,1184,1191
1440,2765,2805
1441,2121,2131
1442,2692,2693
1443,461,470
1444,2555,2564
1445,862,885
1446,2895,2921
1447,1881,1909
1448,3111,3118
1449,1246,1253
1450,2403,2426
1451,983,985
1452,2513,2515
1453,2619,2623
1454,2101,1042
1455,2137,2142
1456,2950,2964
1457,442,445
1458,718,721
1459,1377,1389
1460,2765,2788
1461,1201,1100
1462,1489,1496
1463,1330,1318
1464,516,540
1465,2008,1702
1466,1377,1387
1467,1881,1892
1468,1306,1315
1469,1466,1469
1470,836,847
1471,2403,2409
1472,1981,1988
1473,2704,2706
1474,1912,1934
1475,799,812
1476,2022,2023
1477,2765,2771
1478,2468,2488
1479,669,680
1480,2340,2353
1481,1005,938
1482,644,658
1483,3016,3024
1484,2166,2191
1485,2008,2012
1486,516,523
1487,2083,2085
1488,2035,2040
1489,1394,1404
1490,2950,2974
1491,3159,3173
1492,1912,1917
1493,3016,3009
1494,2101,2117
1495,2603,2604
1496,2555,2557
1497,2468,2471
1498,2121,2123
1499,1998,2003
1500,2055,2066
1501,836,815
1502,1834,1789
1503,1410,1415
1504,644,662
1505,1226,1237
1506,2451,2466
1507,862,877
1508,1071,1083
1509,948,963
1510,3037,3042
1511,1264,1275
1512,2150,2152
1513,1812,1833
1514,607,634
1515,1278,1227
1516,983,1004
1517,1246,1228
1518,1306,1229
1519,836,839
1520,2950,2983
1521,2870,2874
1522,576,577
1523,516,530
1524,2765,2807
1525,799,804
1526,1967,1970
1527,2692,2695
1528,691,699
1529,1330,1337
1530,3174,3132
1531,1430,1411
1532,1296,1298
1533,1812,1816
1534,1169,1183
1535,1330,1335
1536,1394,1396
1537,983,987
1538,2121,2130
1539,2137,2144
1540,2950,2966
1541,3006,3009
1542,491,492
1543,3159,3165
1544,1226,1244
1545,2359,2275
1546,2989,3004
1547,576,601
1548,1071,1090
1549,918,869
1550,3037,3049
1551,1466,1471
1552,2403,2411
1553,3131,3133
1554,1981,1990
1555,1033,1035
1556,607,643
1557,814,822
1558,400,418
1559,2658,2681
1560,1489,1495
1561,2377,2390
1562,1099,1136
1563,2895,2947
1564,2451,2456
1565,576,586
1566,2468,2490
1567,669,682
1568,1967,1979
1569,2121,2122
1570,3016,3026
1571,576,584
1572,1071,1073
1573,607,626
1574,1296,1229
1575,1330,1344
1576,983,996
1577,400,401
1578,1939,1947
1579,2070,2076
1580,442,456
1581,491,501
1582,2403,2435
1583,1394,1403
1584,1787,1809
1585,3059,3065
1586,2555,2515
1587,2513,2524
1588,1812,1830
1589,507,513
1590,2765,2797
1591,2205,2214
1592,607,609
1593,2555,2556
1594,1005,1027
1595,1489,1426
1596,2403,2418
1597,3131,3140
1598,3016,3035
1599,2808,2836
1600,948,949
1601,576,593
1602,1377,1381
1603,2494,2505
1604,2989,2994
1605,836,841
1606,891,864
1607,3206,3133
1608,2150,2151
1609,2101,2106
1610,2035,2049
1611,1306,1307
1612,507,481
1613,442,443
1614,2513,2533
1615,2895,1057
1616,1296,1300
1617,1939,1954
1618,2166,2185
1619,3016,3018
1620,2808,2819
1621,1476,1484
1622,1226,1228
1623,2121,2132
1624,2089,2037
1625,2692,2694
1626,491,494
1627,2137,2102
1628,2340,2354
1629,542,566
1630,2205,2221
1631,2808,2846
1632,576,603
1633,1787,1801
1634,1812,1822
1635,948,958
1636,1362,1318
1637,400,420
1638,2205,2206
1639,2070,2073
1640,1430,1437
1641,1246,1259
1642,1005,1019
1643,542,549
1644,2573,2602
1645,3082,3087
1646,2403,2410
1647,3131,3132
1648,983,937
1649,1071,1075
1650,1834,1790
1651,1226,1238
1652,1217,1222
1653,2658,2667
1654,2150,2102
1655,2895,2914
1656,607,628
1657,2166,2172
1658,3214,3221
1659,669,681
1660,400,403
1661,1043,1057
1662,2573,2587
1663,2494,2497
1664,1278,1284
1665,1853,1861
1666,3059,3067
1667,2950,2975
1668,1264,1273
1669,2808,2855
1670,3186,3202
1671,2895,2897
1672,607,611
1673,903,917
1674,1787,1808
1675,3131,3142
1676,3051,3054
1677,948,965
1678,2340,2346
1679,848,857
1680,2205,2213
1681,2377,2399
1682,1137,1165
1683,2808,2838
1684,691,697
1685,576,595
1686,1317,1325
1687,2989,2996
1688,542,556
1689,891,866
1690,825,830
1691,2150,2153
1692,1226,1245
1693,1099,1130
1694,1500,1425
1695,744,764
1696,607,635
1697,3106,3060
1698,1184,1195
1699,1939,1956
1700,1137,1148
1701,1278,1291
1702,2808,2821
1703,576,578
1704,1091,1097
1705,461,475
1706,3206,3132
1707,744,749
1708,2692,2696
1709,3186,3133
1710,1201,1207
1711,480,483
1712,936,943
1713,2895,2924
1714,2340,2356
1715,983,988
1716,1059,1061
1717,1476,1448
1718,967,939
1719,1881,1899
1720,3186,3194
1721,1500,1513
1722,1430,1439
1723,422,426
1724,576,602
1725,1005,1021
1726,2989,3003
1727,3131,3134
1728,2008,2019
1729,2692,2644
1730,848,849
1731,2468,2493
1732,1137,1157
1733,2377,2391
1734,2101,2115
1735,1881,1882
1736,2166,2174
1737,1217,1221
1738,1169,1176
1739,1099,1102
1740,1912,1924
1741,2494,2499
1742,3144,3151
1743,1939,1963
1744,576,585
1745,644,648
1746,3073,3077
1747,3186,3204
1748,862,884
1749,1939,1948
1750,1137,1140
1751,2895,2899
1752,644,645
1753,1812,1813
1754,542,575
1755,2055,2036
1756,1787,1810
1757,2055,2056
1758,2205,2215
1759,1184,1194
1760,3073,3060
1761,3186,3187
1762,862,867
1763,848,815
1764,2534,2538
1765,1881,1891
1766,2121,2133
1767,542,558
1768,825,832
1769,3131,3141
1770,1787,1793
1771,1212,1216
1772,799,811
1773,1430,1431
1774,848,856
1775,2895,2923
1776,607,637
1777,948,950
1778,400,412
1779,2573,2596
1780,2494,2506
1781,1787,1802
1782,1278,1293
1783,1812,1823
1784,2658,2661
1785,1005,1011
1786,2603,2618
1787,799,774
1788,1443,1448
1789,825,815
1790,1812,1820
1791,2070,2074
1792,3159,3172
1793,2808,2864
1794,2642,2656
1795,1939,1955
1796,2895,2906
1797,607,620
1798,422,401
1799,2022,2026
1800,775,791
1801,2089,2038
1802,1059,1063
1803,738,692
1804,3186,3132
1805,1881,1901
1806,1362,1367
1807,3082,3085
1808,1217,1220
1809,1033,1042
1810,2534,2547
1811,2205,2102
1812,400,404
1813,2340,2355
1814,542,567
1815,2205,2222
1816,1410,1412
1817,2808,2847
1818,691,706
1819,422,428
1820,1348,1356
1821,718,734
1822,2194,2195
1823,2642,2657
1824,3016,3033
1825,1137,1159
1826,3206,3209
1827,1912,1926
1828,542,550
1829,2808,2830
1830,644,664
1831,2658,2668
1832,2403,2442
1833,744,758
1834,3073,3079
1835,3214,3222
1836,862,886
1837,1137,1142
1838,2765,2804
1839,1278,1285
1840,3096,3103
1841,1881,1910
1842,461,469
1843,2555,2563
1844,1834,1839
1845,3059,3068
1846,1787,1792
1847,1881,1908
1848,3111,3117
1849,1362,1374
1850,422,437
1851,1246,1252
1852,2403,2425
1853,1866,1879
1854,2619,2622
1855,644,612
1856,1099,1128
1857,1184,1196
1858,2635,2636
1859,2137,2141
1860,2194,2204
1861,1246,1249
1862,1377,1388
1863,2658,2660
1864,1881,1893
1865,644,610
1866,926,864
1867,2692,2697
1868,2658,2678
1869,926,928
1870,848,858
1871,2895,2925
1872,718,726
1873,1099,1111
1874,1912,1933
1875,2494,2508
1876,983,989
1877,2642,2649
1878,3016,3025
1879,2468,2487
1880,2658,2643
1881,3174,3182
1882,1005,937
1883,1466,1474
1884,2808,2866
1885,903,864
1886,1500,1511
1887,1137,1149
1888,2895,2908
1889,2121,1093
1890,2022,2028
1891,3119,3122
1892,2765,2776
1893,738,694
1894,2377,2392
1895,507,512
1896,2534,2549
1897,2765,2796
1898,669,684
1899,2101,2113
1900,542,569
1901,1410,1414
1902,2808,2849
1903,2451,2465
1904,862,876
1905,918,919
1906,799,800
1907,1881,1900
1908,718,692
1909,2403,2417
1910,967,971
1911,2513,2527
1912,2895,2932
1913,669,688
1914,542,552
1915,1184,1186
1916,1834,1838
1917,1787,1811
1918,3206,3208
1919,718,719
1920,3159,3161
1921,2403,2444
1922,2403,965
1923,2573,2590
1924,2494,2500
1925,2870,2894
1926,3096,3105
1927,1137,1100
1928,2534,2515
1929,2555,2565
1930,3073,3078
1931,1362,1376
1932,836,844
1933,3082,3094
1934,2403,2427
1935,2619,2624
1936,2895,2900
1937,516,535
1938,1317,1323
1939,1967,1975
1940,2137,2143
1941,2603,2575
1942,3006,3008
1943,2642,2648
1944,2055,2037
1945,2008,2010
1946,2870,2877
1947,926,866
1948,1330,1340
1949,1137,1168
1950,442,452
1951,718,728
1952,3159,3170
1953,814,821
1954,516,518
1955,1912,1935
1956,1394,1399
1957,738,693
1958,2658,2645
1959,775,789
1960,1998,2000
1961,3174,3184
1962,2692,2703
1963,1981,1995
1964,903,866
1965,1137,1151
1966,1853,1860
1967,3082,3060
1968,2950,2954
1969,2403,2436
1970,1912,1918
1971,891,897
1972,2070,2075
1973,2403,2434
1974,2870,2886
1975,1071,1078
1976,2619,2631
1977,862,878
1978,3206,3207
1979,918,921
1980,1264,1270
1981,1500,1517
1982,2658,2669
1983,718,694
1984,1533,1534
1985,2403,2419
1986,3214,3223
1987,400,405
1988,1377,1318
1989,2513,2529
1990,1362,1366
1991,2166,2181
1992,422,429
1993,2950,2978
1994,442,459
1995,718,735
1996,1184,1188
1997,2765,2802
1998,3016,3034
1999,1330,1332
2000,707,708
2001,983,984
2002,442,444
2003,1523,1524
2004,2468,2461
2005,2895,2938
2006,1812,1818
2007,669,673
2008,2704,2644
2009,2403,2443
2010,2765,2785
2011,3144,3152
2012,3073,3080
2013,836,846
2014,2989,2999
2015,862,887
2016,2642,2466
2017,516,537
2018,1967,1977
2019,2035,2054
2020,1410,1423
2021,2765,2770
2022,2642,2650
2023,2950,2988
2024,765,772
2025,576,581
2026,2765,2768
2027,967,980
2028,2468,2485
2029,1184,1197
2030,2359,2361
2031,1430,1438
2032,862,870
2033,2166,2188
2034,516,520
2035,2035,2037
2036,926,865
2037,3214,3215
2038,1998,2002
2039,1005,1018
2040,2513,2521
2041,1939,1942
2042,2166,2173
2043,1812,1827
2044,442,451
2045,2166,2171
2046,1226,1234
2047,2451,2463
2048,718,693
2049,891,899
2050,2658,2644
2051,607,624
2052,2070,2077
2053,491,502
2054,2205,2209
2055,480,489
2056,1071,1080
2057,3037,3039
2058,1264,1272
2059,3119,3123
2060,825,826
2061,2765,2777
2062,2658,2671
2063,3214,3225
2064,1967,1969
2065,983,1001
2066,1843,1850
2067,2359,2368
2068,1362,1368
2069,1998,1968
2070,2950,2980
2071,718,737
2072,2808,2837
2073,691,696
2074,967,972
2075,1330,1334
2076,576,594
2077,2658,2675
2078,1523,1526
2079,2166,2180
2080,1278,1292
2081,2950,2963
2082,2205,2218
2083,718,720
2084,1005,1010
2085,2403,2445
2086,2765,2787
2087,3186,3190
2088,3051,3057
2089,3174,3176
2090,2194,2102
2091,1099,1135
2092,1306,1314
2093,2451,2455
2094,2403,2408
2095,1981,1987
2096,765,774
2097,1787,1795
2098,2403,2428
2099,948,952
2100,936,939
2101,2340,2352
2102,2166,2190
2103,1866,1869
2104,926,932
2105,2094,2098
2106,2035,2039
2107,1099,1118
2108,1005,1020
2109,1500,1509
2110,1330,1341
2111,2150,2161
2112,983,993
2113,2513,2523
2114,707,717
2115,2359,2360
2116,2083,2084
2117,2808,2809
2118,442,453
2119,1939,1964
2120,1500,1518
2121,644,661
2122,1099,1101
2123,422,430
2124,3119,3061
2125,3037,3041
2126,2101,2120
2127,738,742
2128,891,898
2129,2055,2069
2130,1500,1501
2131,848,852
2132,1881,1907
2133,1377,1378
2134,1843,1852
2135,1317,1320
2136,836,838
2137,669,610
2138,765,766
2139,2895,2939
2140,948,966
2141,1005,1029
2142,669,674
2143,2101,2103
2144,2377,2379
2145,2035,2046
2146,967,974
2147,669,671
2148,2658,917
2149,2513,2530
2150,1296,1297
2151,2166,2182
2152,442,460
2153,2494,2507
2154,2895,2922
2155,1005,1012
2156,707,709
2157,3186,3192
2158,2704,2711
2159,2340,2351
2160,1787,1798
2161,1443,1447
2162,1812,1819
2163,3037,3048
2164,1246,1258
2165,2808,2863
2166,2870,2884
2167,400,417
2168,2573,2601
2169,1500,1508
2170,707,692
2171,1264,1266
2172,1217,1219
2173,644,660
2174,2534,2546
2175,1099,1120
2176,607,625
2177,691,705
2178,967,981
2179,1348,1355
2180,1843,1844
2181,2573,2584
2182,2658,2684
2183,1489,1498
2184,2083,2086
2185,1264,1229
2186,1278,1281
2187,775,796
2188,3037,2952
2189,2895,2931
2190,2035,2038
2191,1834,1835
2192,1137,1158
2193,2950,2972
2194,3006,3015
2195,3186,3199
2196,607,608
2197,903,914
2198,775,779
2199,2870,2893
2200,2377,2398
2201,967,973
2202,1137,1141
2203,2340,2343
2204,542,555
2205,2808,2835
2206,918,925
2207,1523,1527
2208,576,592
2209,1169,1181
2210,516,534
2211,1317,1322
2212,744,763
2213,3037,3040
2214,2989,2993
2215,2895,2941
2216,825,827
2217,422,436
2218,1866,1878
2219,2870,2876
2220,1059,1034
2221,2377,2381
2222,2035,2048
2223,1099,1127
2224,644,611
2225,799,806
2226,461,474
2227,1912,1914
2228,2895,1056
2229,1939,1953
2230,2808,2818
2231,644,652
2232,1226,1227
2233,1099,1112
2234,516,517
2235,2089,2036
2236,744,746
2237,2619,2627
2238,607,617
2239,707,711
2240,1099,1110
2241,2808,2803
2242,936,940
2243,1137,1150
2244,3037,3050
2245,1466,1473
2246,3186,3191
2247,2704,2710
2248,1912,1938
2249,2989,3002
2250,903,906
2251,2022,2027
2252,2642,2654
2253,707,694
2254,2150,2159
2255,2468,2492
2256,2101,2114
2257,2895,2948
2258,2008,2016
2259,2070,2037
2260,2377,2388
2261,1939,1962
2262,1169,1173
2263,400,402
2264,1043,1056
2265,2658,2686
2266,2573,2586
2267,1912,1921
2268,2494,2496
2269,3144,3148
2270,2950,2956
2271,1866,1870
2272,2603,2608
2273,2094,2099
2274,2468,2475
2275,1184,1187
2276,1099,1119
2277,3159,3162
2278,3073,3074
2279,1476,1411
2280,862,881
2281,1939,1945
2282,2808,2810
2283,903,916
2284,461,464
2285,918,866
2286,2377,2380
2287,2765,2784
2288,2340,2345
2289,1489,1492
2290,2205,2212
2291,2451,2453
2292,862,864
2293,516,536
2294,1967,1976
2295,1881,1888
2296,2359,2375
2297,825,829
2298,3082,3093
2299,2870,2878
2300,400,411
2301,1500,1502
2302,1099,1129
2303,707,710
2304,799,808
2305,1246,1250
2306,2895,1058
2307,2468,373
2308,2573,2593
2309,1278,1290
2310,2808,2820
2311,2895,2940
2312,644,654
2313,2534,2540
2314,516,519
2315,1091,1096
2316,2101,2104
2317,1394,1400
2318,1137,1167
2319,2121,2134
2320,2137,2148
2321,3159,3169
2322,1043,1048
2323,2573,2578
2324,2808,2861
2325,707,693
2326,775,790
2327,936,942
2328,2895,2903
2329,1476,1482
2330,2573,2576
2331,775,788
2332,3174,3183
2333,1466,1411
2334,491,481
2335,1466,1475
2336,2451,2462
2337,2403,2415
2338,3186,3193
2339,1981,1994
2340,1033,1039
2341,967,982
2342,2704,2712
2343,903,908
2344,2658,2685
2345,1489,1499
2346,542,564
2347,2808,2844
2348,2451,2460
2349,3037,2953
2350,948,959
2351,936,946
2352,2121,2102
2353,2008,2018
2354,2870,2885
2355,1071,1077
2356,2692,2643
2357,2808,2829
2358,1169,1175
2359,1443,1411
2360,1043,1058
2361,1912,1923
2362,2494,2498
2363,542,547
2364,1217,1100
2365,2808,2827
2366,1866,1872
2367,2070,2080
2368,491,505
2369,1226,1236
2370,1099,1121
2371,2765,2803
2372,2403,2439
2373,744,755
2374,516,526
2375,1394,1407
2376,948,939
2377,3073,3076
2378,2573,2585
2379,862,883
2380,1137,1139
2381,775,797
2382,2765,2801
2383,1059,1069
2384,1278,1282
2385,2808,2812
2386,461,466
2387,2403,2424
2388,1330,1331
2389,2555,2560
2390,1264,1274
2391,1834,1836
2392,3144,3133
2393,2403,966
2394,2137,2140
2395,2377,2382
2396,3111,3114
2397,1099,1104
2398,2194,2201
2399,903,915
2400,862,866
2401,775,780
2402,1500,1505
2403,1377,1385
2404,1071,1086
2405,1881,1890
2406,1306,1313
2407,918,865
2408,1466,1467
2409,836,845
2410,2403,2407
2411,1981,1986
2412,814,818
2413,691,698
2414,2359,2374
2415,2658,2677
2416,848,855
2417,1489,1491
2418,1523,1528
2419,1169,1182
2420,442,447
2421,669,678
2422,2573,2595
2423,1091,1034
2424,3144,3157
2425,3016,3022
2426,2950,2965
2427,2603,2617
2428,2468,2484
2429,2121,2136
2430,2692,2698
2431,3159,3171
2432,1410,1428
2433,1912,1915
2434,891,894
2435,862,890
2436,607,640
2437,2468,2469
2438,2403,2431
2439,1998,2001
2440,1912,1913
2441,744,747
2442,2137,2147
2443,2377,2389
2444,862,875
2445,507,509
2446,2765,2793
2447,2055,2062
2448,2989,506
2449,1410,1411
2450,1443,1450
2451,862,873
2452,1184,1100
2453,2403,2414
2454,2870,2887
2455,1071,1079
2456,2692,2645
2457,3037,3038
2458,669,685
2459,836,837
2460,644,663
2461,516,528
2462,2403,2441
2463,744,757
2464,1967,1968
2465,2070,2038
2466,2035,2045
2467,2950,2979
2468,1348,1358
2469,718,736
2470,1264,1277
2471,3144,3149
2472,3096,3102
2473,2603,2609
2474,1330,1333
2475,2555,2562
2476,2468,2476
2477,2121,2128
2478,1212,1214
2479,1410,1420
2480,3159,3163
2481,3111,3116
2482,1226,1242
2483,644,646
2484,1362,1373
2485,2619,2621
2486,2194,2203
2487,775,782
2488,576,599
2489,1071,1088
2490,3144,3132
2491,918,867
2492,2101,2105
2493,3037,3047
2494,2989,3000
2495,1523,1531
2496,814,820
2497,2083,2038
2498,1201,1204
2499,2150,2157
2500,2895,2945
2501,2451,2454
2502,862,865
2503,607,639
2504,2035,2052
2505,1912,1932
2506,2870,2879
2507,576,582
2508,2468,2486
2509,2359,2341
2510,3174,3181
2511,2692,2700
2512,2166,2168
2513,461,477
2514,2555,2571
2515,480,487
2516,1005,608
2517,3111,3061
2518,1853,1857
2519,1787,1800
2520,1812,1821
2521,1071,1034
2522,2403,2433
2523,1394,1401
2524,983,992
2525,2619,2630
2526,2137,2149
2527,2950,2971
2528,3006,3014
2529,491,497
2530,507,511
2531,2765,2795
2532,1410,1413
2533,1500,1514
2534,1362,1365
2535,2403,2416
2536,3131,3138
2537,1033,1040
2538,1296,1251
2539,3119,3060
2540,2377,2395
2541,576,591
2542,1377,1379
2543,2765,2778
2544,669,687
2545,1834,1837
2546,2989,2992
2547,3016,3031
2548,1005,1008
2549,576,589
2550,3016,2955
2551,607,631
2552,3016,2952
2553,1939,1952
2554,1998,1542
2555,2468,2478
2556,3096,3060
2557,669,670
2558,3119,3128
2559,1476,1479
2560,1410,1422
2561,2205,2219
2562,2166,2102
2563,2642,2647
2564,765,769
2565,2101,2107
2566,3111,3115
2567,1430,1435
2568,607,641
2569,1005,1017
2570,1377,1386
2571,400,416
2572,576,520
2573,2494,2510
2574,891,869
2575,2658,2665
2576,1998,1999
2577,2513,2518
2578,2166,2170
2579,1489,1414
2580,1812,1824
2581,2808,2868
2582,1296,1305
2583,1939,1959
2584,3016,3023
2585,2895,2910
2586,1330,1342
2587,3006,2952
2588,491,499
2589,1998,1982
2590,3186,3200
2591,2534,2551
2592,542,571
2593,3119,3120
2594,2808,2851
2595,1787,1806
2596,2658,2689
2597,2359,2367
2598,1981,1997
2599,2022,1968
2600,507,510
2601,2205,2211
2602,2070,2078
2603,2950,2977
2604,2340,2342
2605,1246,1229
2606,542,554
2607,918,924
2608,1476,1478
2609,1787,1789
2610,1226,1243
2611,2658,2672
2612,2895,2919
2613,983,939
2614,607,633
2615,1226,1240
2616,3016,2954
2617,983,1003
2618,2573,2592
2619,400,408
2620,2494,2502
2621,1278,1289
2622,2895,2937
2623,2704,2643
2624,1091,1095
2625,1005,1007
2626,3174,3175
2627,3059,3072
2628,1201,1205
2629,480,481
2630,2808,2860
2631,2895,2902
2632,607,616
2633,1981,1984
2634,1212,1215
2635,1881,1897
2636,2895,2929
2637,2808,2843
2638,422,424
2639,576,600
2640,691,702
2641,2035,2036
2642,1099,1115
2643,2989,3001
2644,2642,2653
2645,825,835
2646,2150,2158
2647,983,990
2648,2513,2520
2649,3106,3109
2650,2950,2969
2651,442,450
2652,542,546
2653,1939,1961
2654,1500,1515
2655,1137,1153
2656,2808,2826
2657,576,583
2658,744,754
2659,3037,540
2660,2692,2701
2661,1476,1488
2662,2950,2955
2663,2377,2396
2664,480,488
2665,1137,1138
2666,1853,1858
2667,2534,2553
2668,2008,2021
2669,2950,2952
2670,542,573
2671,2377,2393
2672,1264,1271
2673,738,739
2674,2808,2853
2675,1843,1851
2676,918,923
2677,2658,2691
2678,1939,1944
2679,1881,1904
2680,3016,2953
2681,1843,1849
2682,1306,1227
2683,2895,2936
2684,1005,1026
2685,2534,2536
2686,2895,2912
2687,1881,1889
2688,2340,2344
2689,3131,3139
2690,2658,2674
2691,1523,1525
2692,2166,2179
2693,825,828
2694,400,410
2695,2573,2594
2696,1099,1107
2697,1912,1929
2698,2494,2504
2699,2055,2058
2700,3144,3156
2701,891,863
2702,2950,2962
2703,2704,2645
2704,1005,1009
2705,1443,1446
2706,2808,2862
2707,862,889
2708,1443,1444
2709,1500,1507
2710,2619,2628
2711,2895,2904
2712,516,539
2713,644,650
2714,1246,1255
2715,1043,1047
2716,1217,1218
2717,2534,2545
2718,2101,2109
2719,2205,2220
2720,1184,1199
2721,2635,2639
2722,2808,2845
2723,691,704
2724,1866,1868
2725,2008,1706
2726,2534,2543
2727,1099,1117
2728,1881,1896
2729,3006,2953
2730,1296,1303
2731,903,907
2732,542,563
2733,607,622
2734,1476,1487
2735,1296,1227
2736,2150,2160
2737,1348,1352
2738,2573,2581
2739,775,793
2740,1430,1436
2741,1264,1228
2742,2895,2928
2743,607,642
2744,948,955
2745,542,548
2746,1137,1155
2747,2808,2828
2748,1812,1828
2749,1394,1408
2750,1443,1453
2751,1812,1825
2752,480,490
2753,2070,2079
2754,903,911
2755,2808,2869
2756,775,776
2757,2870,2890
2758,3096,3101
2759,2895,2911
2760,1533,1411
2761,738,741
2762,2555,2561
2763,2055,2068
2764,3059,3066
2765,1059,1068
2766,1787,1790
2767,2658,2673
2768,2513,2406
2769,1881,1906
2770,1362,1372
2771,1866,1877
2772,1967,1069
2773,2619,2620
2774,3059,3064
2775,2534,2552
2776,1317,1319
2777,516,531
2778,400,409
2779,1967,1971
2780,542,572
2781,1246,1247
2782,2808,2852
2783,422,433
2784,2642,2644
2785,1866,1875
2786,2870,2873
2787,1005,1028
2788,2377,2378
2789,2194,2200
2790,2658,916
2791,2950,2981
2792,1330,1336
2793,1137,1164
2794,1278,1229
2795,814,817
2796,2534,2535
2797,1099,1109
2798,3051,2952
2799,1912,1931
2800,2989,2995
2801,2359,2373
2802,3144,3158
2803,1394,1395
2804,848,854
2805,607,614
2806,967,938
2807,718,722
2808,775,785
2809,2403,2447
2810,1410,1429
2811,3006,3007
2812,1137,1147
2813,542,518
2814,3174,3178
2815,1500,1465
2816,1043,1049
2817,1466,1470
2818,1201,1206
2819,480,482
2820,2070,2071
2821,1523,1411
2822,2468,2489
2823,2101,2111
2824,2094,2037
2825,3082,3083
2826,862,874
2827,2008,2013
2828,1881,1898
2829,542,565
2830,3159,3132
2831,926,869
2832,2692,2702
2833,1348,1354
2834,3214,3219
2835,1043,1053
2836,2658,2683
2837,1998,2006
2838,744,752
2839,2573,2583
2840,926,933
2841,2895,2930
2842,948,957
2843,422,425
2844,2950,2953
2845,1866,1867
2846,2603,2605
2847,2468,2472
2848,400,419
2849,2765,2798
2850,2121,2124
2851,1500,1411
2852,983,994
2853,2055,2067
2854,461,463
2855,2619,2575
2856,2451,2467
2857,3106,3110
2858,2070,2081
2859,491,506
2860,2359,2365
2861,2870,2892
2862,1071,1084
2863,1005,939
2864,903,869
2865,1500,1516
2866,2895,2913
2867,2022,2033
2868,3119,3127
2869,2765,2781
2870,1059,1070
2871,1278,1283
2872,3037,541
2873,836,842
2874,2377,2397
2875,3082,3092
2876,2534,2554
2877,516,533
2878,1317,1321
2879,669,689
2880,1967,1973
2881,542,574
2882,1410,1419
2883,2808,2854
2884,836,840
2885,422,435
2886,2642,2646
2887,3082,3090
2888,765,768
2889,2895,2896
2890,799,805
2891,2194,2202
2892,2468,2481
2893,1348,1361
2894,1137,1166
2895,1306,1228
2896,644,651
2897,2534,2537
2898,669,672
2899,542,557
2900,3206,3213
2901,1476,1481
2902,718,724
2903,3159,3166
2904,2573,2575
2905,775,787
2906,3214,3133
2907,1981,1993
2908,542,520
2909,2055,2059
2910,3174,3180
2911,1226,1230
2912,2451,2459
2913,891,895
2914,2555,2570
2915,1981,1991
2916,3111,3060
2917,2704,2709
2918,1787,1799
2919,1201,1208
2920,491,498
2921,903,905
2922,2403,2432
2923,1071,1076
2924,948,956
2925,1443,1445
2926,2619,2629
2927,2895,2905
2928,1317,1328
2929,1967,1980
2930,1246,1256
2931,1059,1062
2932,2008,2015
2933,2870,2882
2934,2070,2036
2935,1033,1041
2936,1169,1172
2937,1330,1345
2938,1912,1920
2939,983,997
2940,2083,2088
2941,2359,2364
2942,1362,1364
2943,422,427
2944,2950,2976
2945,442,457
2946,718,733
2947,1296,1228
2948,1348,1353
2949,718,731
2950,775,794
2951,1998,2005
2952,1137,1156
2953,1853,1865
2954,2950,2959
2955,3037,3045
2956,3119,3129
2957,2765,2783
2958,891,902
2959,3144,3150
2960,3016,3036
2961,775,777
2962,3051,2953
2963,1881,1887
2964,1306,1310
2965,1410,1421
2966,2403,2404
2967,1981,1983
2968,1394,1372
2969,3206,3212
2970,765,770
2971,1787,1791
2972,669,612
2973,799,807
2974,1533,1539
2975,2765,2766
2976,967,978
2977,2468,2483
2978,669,675
2979,2340,2348
2980,2089,2093
2981,644,653
2982,3016,3019
2983,422,434
2984,2166,2186
2985,2603,2614
2986,644,609
2987,1184,1193
2988,926,863
2989,461,472
2990,2513,2519
2991,775,745
2992,2055,2061
2993,2513,2517
2994,2166,2169
2995,644,657
2996,2451,2461
2997,718,723
2998,862,872
2999,1377,1391
3000,3214,3132
3001,2765,2790
3002,903,863
3003,936,945
3004,926,931
3005,2642,2655
3006,2022,2025
3007,3186,3196
3008,3016,3028
3009,607,629
3010,516,527
3011,2765,2773
3012,1330,1347
3013,983,999
3014,2359,2366
3015,2094,2038
3016,2166,2193
3017,516,525
3018,2035,2042
3019,1394,1406
3020,691,694
3021,967,970
3022,3214,3220
3023,1998,2007
3024,2989,2951
3025,2513,2526
3026,1812,1832
3027,2603,2606
3028,1184,1185
3029,2121,2125
3030,3082,2274
3031,836,817
3032,2377,2402
3033,765,745
3034,3159,3160
3035,1226,1239
3036,2340,2347
3037,2070,2082
3038,576,596
3039,1071,1085
3040,3096,3104
3041,1306,1312
3042,1812,1815
3043,918,864
3044,3037,3044
3045,1981,1985
3046,825,831
3047,400,413
3048,2658,2676
3049,1489,1490
3050,1362,1375
3051,1967,1974
3052,2950,2985
3053,1226,1231
3054,1981,1968
3055,607,621
3056,691,701
3057,967,977
3058,1330,1339
3059,2555,2568
3060,707,715
3061,983,991
3062,2658,2659
3063,936,944
3064,491,496
3065,1246,1257
3066,2403,2430
3067,1394,1398
3068,2022,1980
3069,2137,2146
3070,2950,2968
3071,442,449
3072,718,725
3073,3006,3011
3074,1377,1393
3075,3186,3195
3076,2765,2792
3077,3214,1328
3078,2101,2118
3079,738,740
3080,891,896
3081,2403,2413
3082,3131,3135
3083,1981,1992
3084,3016,3030
3085,2808,2831
3086,3119,3121
3087,576,588
3088,2765,2775
3089,2340,2357
3090,1866,1874
3091,2035,2044
3092,1099,1123
3093,2534,2514
3094,1005,1025
3095,983,998
3096,2513,2528
3097,1939,1949
3098,2808,2814
3099,442,458
3100,2121,2127
3101,2692,2689
3102,2895,2920
3103,3206,1263
3104,644,666
3105,1226,1241
3106,2166,2178
3107,2340,2349
3108,2205,2216
3109,1071,1087
3110,3037,3046
3111,825,833
3112,2083,2037
3113,400,415
3114,1500,1506
3115,891,868
3116,1430,1432
3117,1278,1231
3118,1306,1311
3119,542,544
3120,836,843
3121,2403,2405
3122,2950,2987
3123,765,771
3124,2895,2944
3125,1226,1233
3126,2534,2544
3127,669,679
3128,2101,2108
3129,2377,2384
3130,2035,2051
3131,607,623
3132,1489,1411
3133,691,703
3134,967,979
3135,669,676
3136,1043,1052
3137,2658,2682
3138,2573,2582
3139,1296,1302
3140,2166,2187
3141,2094,2095
3142,2950,2970
3143,3006,3013
3144,707,714
3145,3186,3197
3146,1296,1287
3147,1939,1941
3148,2534,2548
3149,903,912
3150,542,568
3151,1787,1803
3152,1843,1846
3153,1246,1263
3154,948,960
3155,1853,1859
3156,2870,2889
3157,2340,2341
3158,542,553
3159,2205,2208
3160,2377,2394
3161,2808,2833
3162,576,590
3163,1169,1179
3164,669,686
3165,744,761
3166,1912,1927
3167,2989,2991
3168,1881,1884
3169,2121,2126
3170,542,551
3171,1866,1876
3172,1099,1125
3173,607,630
3174,1348,1360
3175,983,1000
3176,2573,2589
3177,3131,2543
3178,1939,1951
3179,1137,1143
3180,1278,1286
3181,2808,2816
3182,1091,1092
3183,1834,1840
3184,1137,1163
3185,3059,3069
3186,691,695
3187,2808,2857
3188,1099,1108
3189,936,938
3190,607,613
3191,967,937
3192,542,519
3193,775,784
3194,2950,2986
3195,1881,1894
3196,3186,3189
3197,3051,3056
3198,2704,2708
3199,1912,1936
3200,848,859
3201,542,560
3202,2808,2840
3203,1523,1532
3204,576,597
3205,1317,1327
3206,2989,2998
3207,2895,2946
3208,2008,2014
3209,2870,2881
3210,2150,2155
3211,2377,2386
3212,1184,1200
3213,2035,2053
3214,1099,1132
3215,2101,2110
3216,2635,2640
3217,3082,3061
3218,1169,1171
3219,1043,1054
3220,1912,1919
3221,2635,2637
3222,542,543
3223,1296,1304
3224,1939,1958
3225,2166,2189
3226,2808,2823
3227,576,580
3228,2468,2473
3229,1226,1232
3230,744,751
3231,480,485
3232,707,716
3233,926,929
3234,862,879
3235,1939,1943
3236,2340,2358
3237,542,570
3238,461,462
3239,1787,1805
3240,3059,3061
3241,1443,1454
3242,1812,1826
3243,948,962
3244,1099,1100
3245,2870,2891
3246,2205,2210
3247,1005,1023
3248,1881,1886
3249,1812,1791
3250,3131,3136
3251,3082,3091
3252,1787,1788
3253,644,667
3254,516,532
3255,848,851
3256,1967,1972
3257,607,632
3258,2166,2176
3259,1169,1178
3260,400,407
3261,2573,2591
3262,2494,2501
3263,2989,2990
3264,1278,1288
3265,669,609
3266,3144,3153
3267,2950,2961
3268,1005,1006
3269,2603,2613
3270,2468,2480
3271,2101,2102
3272,3159,3167
3273,1410,1424
3274,3082,3095
3275,1939,1950
3276,2895,2901
3277,607,615
3278,607,636
3279,2808,2815
3280,1476,1480
3281,1043,1044
3282,2403,2406
3283,775,786
3284,1212,517
3285,2377,2385
3286,1033,1037
3287,814,824
3288,2534,2542
3289,2765,2789
3290,669,677
3291,2340,2350
3292,1489,1497
3293,2205,2217
3294,542,562
3295,2808,2842
3296,2451,2458
3297,3037,2951
3298,848,817
3299,862,869
3300,2658,2680
3301,1317,1329
3302,516,541
3303,2094,2096
3304,903,904
3305,825,834
3306,2870,2883
3307,1348,1349
3308,1099,1134
3309,3174,3185
3310,1430,1433
3311,1005,1015
3312,1330,1346
3313,542,545
3314,2658,2666
3315,2573,2598
3316,576,518
3317,1787,1804
3318,1278,1295
3319,2808,2825
3320,491,503
3321,644,659
3322,2658,2663
3323,516,524
3324,2403,2437
3325,744,753
3326,1394,1405
3327,2619,2634
3328,825,817
3329,3214,3217
3330,718,732
3331,2765,2799
3332,936,947
3333,1278,1280
3334,3096,3098
3335,2555,2558
3336,3059,3063
3337,1059,1065
3338,3111,3112
3339,1362,1369
3340,2403,2420
3341,3186,3198
3342,2194,2199
3343,903,913
3344,2658,2690
3345,775,778
3346,1377,1383
3347,2765,2782
3348,918,863
3349,2194,2197
3350,814,816
3351,848,853
3352,2101,2119
3353,1137,1161
3354,1306,1309
3355,2808,2834
3356,1169,1180
3357,1278,1228
3358,1099,1106
3359,1912,1928
3360,2494,2503
3361,669,611
3362,3144,3155
3363,3016,3020
3364,2808,2832
3365,2603,2615
3366,2468,2482
3367,1099,1126
3368,3174,3177
3369,744,760
3370,948,130
3371,1410,1426
3372,3073,3081
3373,862,888
3374,1137,1144
3375,2765,2806
3376,1787,1796
3377,2808,2817
3378,1812,1817
3379,1091,1093
3380,1043,1046
3381,2403,2429
3382,744,745
3383,1834,1841
3384,3059,3070
3385,1201,1203
3386,2377,2387
3387,491,493
3388,422,439
3389,2765,2791
3390,2055,2060
3391,1184,1198
3392,2635,2638
3393,926,868
3394,862,871
3395,1500,1510
3396,1377,1390
3397,1881,1895
3398,1466,1472
3399,2403,2412
3400,1033,1036
3401,814,823
3402,3214,3216
3403,926,930
3404,848,860
3405,2513,2522
3406,1264,1227
3407,2895,2927
3408,1489,1418
3409,2765,2774
3410,669,683
3411,2573,2600
3412,3016,3027
3413,903,868
3414,1443,1452
3415,3106,3107
3416,1043,1055
3417,2494,2495
3418,2359,2362
3419,3096,3100
3420,2022,2030
3421,2468,2474
3422,3186,3201
3423,775,795
3424,3119,3124
3425,3144,3145
3426,2359,2371
3427,461,443
3428,1362,1371
3429,3082,3089
3430,862,880
3431,1217,1224
3432,507,514
3433,1533,1536
3434,1410,1416
3435,2642,2643
3436,2870,2872
3437,2089,2090
3438,799,802
3439,1184,1190
3440,2451,2452
3441,862,863
3442,1377,1382
3443,1912,1930
3444,891,865
3445,644,668
3446,2403,2446
3447,744,762
3448,3174,3179
3449,2513,2514
3450,1137,1146
3451,1853,1855
3452,1296,1301
3453,461,473
3454,1330,1338
3455,891,892
3456,2555,2567
3457,491,495
3458,3159,3168
3459,1394,1397
3460,2619,2626
3461,3214,1329
3462,2137,2145
3463,2094,2036
3464,1264,1265
3465,576,604
3466,1377,1392
3467,2658,2664
3468,2083,2087
3469,1394,1318
3470,1362,1363
3471,2989,3005
3472,948,938
3473,1033,1038
3474,516,522
3475,3214,3218
3476,1201,1209
3477,2150,2162
3478,2950,2973
3479,442,454
3480,718,730
3481,2094,2097
3482,1912,1937
3483,1939,1965
